{
  "SFL-GA": {
    "round": [
      0,
      1,
      2,
      3,
      4
    ],
    "accuracy": [
      10.58,
      10.68,
      11.0,
      11.73,
      12.06
    ],
    "loss": [
      2.302823543548584,
      2.3028364976247153,
      2.302668650945028,
      2.3024715582529702,
      2.302532354990641
    ],
    "latency": [
      340.0156160000001,
      340.0156160000001,
      340.0156160000001,
      340.0156160000001,
      340.0156160000001
    ],
    "cumulative_latency": [
      340.0156160000001,
      680.0312320000002,
      1020.0468480000002,
      1360.0624640000003,
      1700.0780800000005
    ]
  },
  "SFL": {
    "round": [
      0,
      1,
      2,
      3,
      4
    ],
    "accuracy": [
      33.61,
      50.43,
      60.06,
      64.32,
      66.78
    ],
    "loss": [
      1.8950919129816042,
      1.5459292776325124,
      1.3401935353976528,
      1.207376278075231,
      1.0982264874338294
    ],
    "latency": [
      340.0156160000009,
      340.0156160000009,
      340.0156160000009,
      340.0156160000009,
      340.0156160000009
    ],
    "cumulative_latency": [
      340.0156160000009,
      680.0312320000018,
      1020.0468480000027,
      1360.0624640000035,
      1700.0780800000043
    ]
  },
  "PSL": {
    "round": [
      0,
      1,
      2,
      3,
      4
    ],
    "accuracy": [
      36.7,
      41.72,
      51.56,
      54.98,
      56.93
    ],
    "loss": [
      1.9598979639763734,
      1.6437639983332888,
      1.4325995100598756,
      1.3363173897980023,
      1.207842766326301
    ],
    "latency": [
      327.68000000000086,
      327.68000000000086,
      327.68000000000086,
      327.68000000000086,
      327.68000000000086
    ],
    "cumulative_latency": [
      327.68000000000086,
      655.3600000000017,
      983.0400000000026,
      1310.7200000000034,
      1638.4000000000042
    ]
  },
  "FL": {
    "round": [
      0,
      1,
      2,
      3,
      4
    ],
    "accuracy": [
      22.74,
      33.97,
      43.22,
      49.17,
      55.53
    ],
    "loss": [
      2.131050304085219,
      1.7958666169319024,
      1.6418329467173336,
      1.5092370473608678,
      1.405447033189592
    ],
    "latency": [
      124.9529088,
      124.9529088,
      124.9529088,
      124.9529088,
      124.9529088
    ],
    "cumulative_latency": [
      124.9529088,
      249.9058176,
      374.8587264,
      499.8116352,
      624.764544
    ]
  }
}