{
  "SFL-GA": {
    "round": [
      0,
      1,
      2,
      3,
      4
    ],
    "accuracy": [
      10.58,
      10.67,
      11.13,
      12.0,
      12.31
    ],
    "loss": [
      2.302863677342733,
      2.3027403354644775,
      2.302703619003296,
      2.3027235666910806,
      2.302536725997925
    ],
    "latency": [
      667.6956160000009,
      667.6956160000009,
      667.6956160000009,
      667.6956160000009,
      667.6956160000009
    ],
    "cumulative_latency": [
      667.6956160000009,
      1335.3912320000018,
      2003.0868480000026,
      2670.7824640000035,
      3338.4780800000044
    ]
  }
}